--
-- PostgreSQL database dump
--


--
-- TOC entry 3316 (class 0 OID 128828)
-- Dependencies: 205
-- Data for Name: datasets; Type: TABLE DATA; Schema: public; Owner: postgres
--

INSERT INTO public.datasets (id, version, date, "flatTabLink", "flatTabSourceType", "customerOrgForm", "fileURL", name, script) VALUES ('f8844ce7-8058-4910-bb45-bdd6893c6376', '2.0', '2020-04-12 00:00:00', NULL, NULL, NULL, NULL, NULL, NULL);
INSERT INTO public.datasets (id, version, date, "flatTabLink", "flatTabSourceType", "customerOrgForm", "fileURL", name, script) VALUES ('eb23bb55-4c2c-4802-a1b8-e6a603534b28', '1.0', '2019-11-04 00:00:00', NULL, NULL, NULL, NULL, NULL, NULL);
INSERT INTO public.datasets (id, version, date, "flatTabLink", "flatTabSourceType", "customerOrgForm", "fileURL", name, script) VALUES ('a8ae0035-5554-4240-a7a9-4f0f55c8e60e', '1.5', '2020-11-15 00:00:00', NULL, NULL, NULL, NULL, NULL, NULL);
INSERT INTO public.datasets (id, version, date, "flatTabLink", "flatTabSourceType", "customerOrgForm", "fileURL", name, script) VALUES ('721491a0-d14f-4637-a11d-7576bab861b5', '1.0', '2020-11-04 00:00:00', NULL, NULL, NULL, NULL, NULL, NULL);
INSERT INTO public.datasets (id, version, date, "flatTabLink", "flatTabSourceType", "customerOrgForm", "fileURL", name, script) VALUES ('29112361-037e-4a02-b84a-fd874e7208f6', NULL, '2021-12-22 11:55:17.014', NULL, NULL, NULL, NULL, 'Выборка, полученная на основе анализа данных по клиентам – индивидуальные предприниматели, относящимся к риск-сегменту МСБ. В выборку попали клиенты, имеющие данные за период 10.01.2012-14.11.2019гг. ', NULL);
INSERT INTO public.datasets (id, version, date, "flatTabLink", "flatTabSourceType", "customerOrgForm", "fileURL", name, script) VALUES ('29599183-1402-4b48-b01f-d66d15677238', NULL, '2021-12-22 11:55:17.014', NULL, NULL, NULL, NULL, 'Выборка, полученная на основе анализа данных по клиентам – индивидуальные предприниматели, относящимся к риск-сегменту МСБ. В выборку попали клиенты, имеющие данные за период 10.01.2012-14.11.2019гг. ', NULL);
INSERT INTO public.datasets (id, version, date, "flatTabLink", "flatTabSourceType", "customerOrgForm", "fileURL", name, script) VALUES ('5e0c8a50-8466-4dcf-8411-794f4705aa54', NULL, '2021-12-22 11:55:17.014', NULL, NULL, NULL, NULL, 'Выборка, полученная на основе анализа данных по клиентам – индивидуальные предприниматели, относящимся к риск-сегменту МСБ. В выборку попали клиенты, имеющие данные за период 10.01.2012-14.11.2019гг. ', NULL);
INSERT INTO public.datasets (id, version, date, "flatTabLink", "flatTabSourceType", "customerOrgForm", "fileURL", name, script) VALUES ('cb4b2357-b606-4f53-9d2e-095552cd3709', NULL, '2021-12-22 11:55:17.015', NULL, NULL, NULL, NULL, 'Выборка, полученная на основе анализа данных по клиентам – индивидуальные предприниматели, относящимся к риск-сегменту МСБ. В выборку попали клиенты, имеющие данные за период 10.01.2012-14.11.2019гг. ', NULL);
INSERT INTO public.datasets (id, version, date, "flatTabLink", "flatTabSourceType", "customerOrgForm", "fileURL", name, script) VALUES ('e18dedbf-36a3-43d6-a885-7cea1620e2ac', NULL, '2021-12-22 11:55:17.013', NULL, NULL, NULL, NULL, 'Выборка, полученная на основе анализа данных по клиентам – индивидуальные предприниматели, относящимся к риск-сегменту МСБ. В выборку попали клиенты, имеющие данные за период 10.01.2012-14.11.2019гг. ', NULL);
INSERT INTO public.datasets (id, version, date, "flatTabLink", "flatTabSourceType", "customerOrgForm", "fileURL", name, script) VALUES ('86096de0-573d-456c-a6b3-630a65e7866a', NULL, '2021-12-26 12:24:11.778', NULL, NULL, NULL, NULL, 'Выборка, полученная на основе анализа данных по клиентам – индивидуальные предприниматели, относящимся к риск-сегменту МСБ. В выборку попали клиенты, имеющие данные за период 10.01.2012-14.11.2019гг. ', NULL);
INSERT INTO public.datasets (id, version, date, "flatTabLink", "flatTabSourceType", "customerOrgForm", "fileURL", name, script) VALUES ('f2a28b5c-8345-4ddf-9c60-5de199b65581', NULL, '2021-12-26 12:24:11.779', NULL, NULL, NULL, NULL, 'Выборка, полученная на основе анализа данных по клиентам – индивидуальные предприниматели, относящимся к риск-сегменту МСБ. В выборку попали клиенты, имеющие данные за период 10.01.2012-14.11.2019гг. ', NULL);
INSERT INTO public.datasets (id, version, date, "flatTabLink", "flatTabSourceType", "customerOrgForm", "fileURL", name, script) VALUES ('fc2d9b0b-464a-4182-b94d-41db3a087068', NULL, '2021-12-26 12:24:11.78', NULL, NULL, NULL, NULL, 'Выборка, полученная на основе анализа данных по клиентам – индивидуальные предприниматели, относящимся к риск-сегменту МСБ. В выборку попали клиенты, имеющие данные за период 10.01.2012-14.11.2019гг. ', NULL);
INSERT INTO public.datasets (id, version, date, "flatTabLink", "flatTabSourceType", "customerOrgForm", "fileURL", name, script) VALUES ('654a1847-b7f1-4c22-9236-bb3fcc9979eb', NULL, '2021-12-26 12:35:25.748', NULL, NULL, NULL, NULL, 'Выборка, полученная на основе анализа данных по клиентам – индивидуальные предприниматели, относящимся к риск-сегменту МСБ. В выборку попали клиенты, имеющие данные за период 10.01.2012-14.11.2019гг. ', NULL);


--
-- TOC entry 3317 (class 0 OID 128835)
-- Dependencies: 206
-- Data for Name: dict_algorithmOnModel; Type: TABLE DATA; Schema: public; Owner: postgres
--

INSERT INTO public."dict_algorithmOnModel" (id, "modelId", "dict_algorithmId") VALUES ('3e3937bf-1508-4bf1-839b-7164e7cf6731', '3ce85a4a-8c5b-47e0-96f5-8e551440e3ab', '7494ac2a-c945-473f-abb3-7e353fba383f');
INSERT INTO public."dict_algorithmOnModel" (id, "modelId", "dict_algorithmId") VALUES ('cbf3ed8a-df7f-48ed-9515-046ff91cba5b', '3ce85a4a-8c5b-47e0-96f5-8e551440e3ab', '2cfce9e9-4473-46fc-8cb3-e731feef2621');
INSERT INTO public."dict_algorithmOnModel" (id, "modelId", "dict_algorithmId") VALUES ('6f5c13b8-61d3-4052-9bc7-26c92665de28', 'c466cbfb-a530-4e60-b21b-3d6809448618', '7494ac2a-c945-473f-abb3-7e353fba383f');
INSERT INTO public."dict_algorithmOnModel" (id, "modelId", "dict_algorithmId") VALUES ('cbb36b13-2b0f-4710-aeb7-5909c7e059c5', 'c466cbfb-a530-4e60-b21b-3d6809448618', '2cfce9e9-4473-46fc-8cb3-e731feef2621');
INSERT INTO public."dict_algorithmOnModel" (id, "modelId", "dict_algorithmId") VALUES ('d3c48232-1382-4ef2-85bb-44be6aa1e6ef', '607186a0-b00a-4276-a786-e52b9dcbed83', '7494ac2a-c945-473f-abb3-7e353fba383f');
INSERT INTO public."dict_algorithmOnModel" (id, "modelId", "dict_algorithmId") VALUES ('39806278-49f3-4b19-a395-6e0a2a520fe2', '65c3b80b-c8e1-4b1a-8ff9-b2e550b50fe2', '2cfce9e9-4473-46fc-8cb3-e731feef2621');
INSERT INTO public."dict_algorithmOnModel" (id, "modelId", "dict_algorithmId") VALUES ('cadf81f4-35ae-4562-a321-99f682668240', 'a9c3f79e-bcb8-4d22-8f37-b229dbd589e4', '9f80743e-4374-480e-840b-9600b23122c5');
INSERT INTO public."dict_algorithmOnModel" (id, "modelId", "dict_algorithmId") VALUES ('d7689842-fdcc-471f-9bbe-c4b198911f5a', 'bb477ac8-d5e7-45eb-bd13-1dfa0fb01eaf', '2cfce9e9-4473-46fc-8cb3-e731feef2621');
INSERT INTO public."dict_algorithmOnModel" (id, "modelId", "dict_algorithmId") VALUES ('e82c8a9d-bc87-4533-b035-b130816c4ff6', 'c60b451d-d23f-436a-989c-8ff151282574', '2cfce9e9-4473-46fc-8cb3-e731feef2621');
INSERT INTO public."dict_algorithmOnModel" (id, "modelId", "dict_algorithmId") VALUES ('1dbe727a-c664-4732-b0e0-064c64c4fc49', 'a840b282-ba69-4a6e-81e2-31ff8eaf2b1a', '2cfce9e9-4473-46fc-8cb3-e731feef2621');
INSERT INTO public."dict_algorithmOnModel" (id, "modelId", "dict_algorithmId") VALUES ('d32f7b38-89b1-4e4a-8285-8ef9cbe6b17f', '6f40c249-29e2-4490-9a71-1387c43e6363', '2cfce9e9-4473-46fc-8cb3-e731feef2621');
INSERT INTO public."dict_algorithmOnModel" (id, "modelId", "dict_algorithmId") VALUES ('d2e1c0d7-0e11-4d49-be30-4b3d311562c5', 'f5ae573f-cacf-43b3-a49b-89921e35deb5', '2cfce9e9-4473-46fc-8cb3-e731feef2621');
INSERT INTO public."dict_algorithmOnModel" (id, "modelId", "dict_algorithmId") VALUES ('051468f8-d77c-46e2-a39b-d6f33006275b', 'de7a58d3-605c-4f6c-918b-70c91899dd37', '9f80743e-4374-480e-840b-9600b23122c5');
INSERT INTO public."dict_algorithmOnModel" (id, "modelId", "dict_algorithmId") VALUES ('debfe987-a591-46b8-8cc0-248064e08ea2', '80be8f6f-1037-463c-a9fb-2b06028e22c2', 'dca785d0-a990-4ed6-b02f-4df5fcf69feb');
INSERT INTO public."dict_algorithmOnModel" (id, "modelId", "dict_algorithmId") VALUES ('79bdeb8b-f774-4772-bbac-6ca982d2a79e', 'af9f847b-1262-4e28-946c-c5407566c6a0', '7494ac2a-c945-473f-abb3-7e353fba383f');
INSERT INTO public."dict_algorithmOnModel" (id, "modelId", "dict_algorithmId") VALUES ('3cad24d8-c2fd-44cf-bf5b-144347cb3a6f', 'af9f847b-1262-4e28-946c-c5407566c6a0', '2cfce9e9-4473-46fc-8cb3-e731feef2621');
INSERT INTO public."dict_algorithmOnModel" (id, "modelId", "dict_algorithmId") VALUES ('c304e6bf-fda8-4310-bad8-df8341a06c1a', 'a5d2c9be-c399-45b1-87ab-595e872e089a', '2cfce9e9-4473-46fc-8cb3-e731feef2621');
INSERT INTO public."dict_algorithmOnModel" (id, "modelId", "dict_algorithmId") VALUES ('2a220b06-c2e5-4404-8b1e-ec35c4b7aa4f', '15cee0cc-b501-4bc8-9614-caeb87c9a2f3', '2cfce9e9-4473-46fc-8cb3-e731feef2621');
INSERT INTO public."dict_algorithmOnModel" (id, "modelId", "dict_algorithmId") VALUES ('e6874d16-6a6f-4d38-b06f-6e585a1d0241', 'c2259316-8790-459c-8c24-83781e4fff27', '2cfce9e9-4473-46fc-8cb3-e731feef2621');
INSERT INTO public."dict_algorithmOnModel" (id, "modelId", "dict_algorithmId") VALUES ('10fd45b7-c5bd-440a-9e09-7a32150439bc', 'f2429b85-c89a-49c1-a10c-3bb4c22b190f', 'dca785d0-a990-4ed6-b02f-4df5fcf69feb');
INSERT INTO public."dict_algorithmOnModel" (id, "modelId", "dict_algorithmId") VALUES ('ac05917e-71b3-45e8-a212-00ddfe07925d', '6b54cb11-ebd0-4a6e-8d77-3429805c8a18', '2cfce9e9-4473-46fc-8cb3-e731feef2621');
INSERT INTO public."dict_algorithmOnModel" (id, "modelId", "dict_algorithmId") VALUES ('fe9cd126-5ef7-4a1c-a746-86796a750216', '685b54b1-7af8-4f39-bb78-619f601f04a5', '2cfce9e9-4473-46fc-8cb3-e731feef2621');
INSERT INTO public."dict_algorithmOnModel" (id, "modelId", "dict_algorithmId") VALUES ('e4f7137e-cceb-4a97-a535-7458471ac7a9', 'aea3d88f-b5f4-4ed0-ad1a-c0dff89f3b57', '2cfce9e9-4473-46fc-8cb3-e731feef2621');
INSERT INTO public."dict_algorithmOnModel" (id, "modelId", "dict_algorithmId") VALUES ('063330a3-7592-4b03-a405-74024b1eb90f', '1555e768-efff-4acd-a99b-b0cc00f42a9b', '2cfce9e9-4473-46fc-8cb3-e731feef2621');
INSERT INTO public."dict_algorithmOnModel" (id, "modelId", "dict_algorithmId") VALUES ('36a64493-9604-4c7f-99a8-05d41afd10a5', '5a21e14f-e0c4-4d72-a4ff-8ff8227665ba', '2cfce9e9-4473-46fc-8cb3-e731feef2621');
INSERT INTO public."dict_algorithmOnModel" (id, "modelId", "dict_algorithmId") VALUES ('f69de854-cd79-4e92-8b1e-d83315e03477', '107b5f1b-7b11-4d8e-b8fb-5f5d0ddea439', '2cfce9e9-4473-46fc-8cb3-e731feef2621');
INSERT INTO public."dict_algorithmOnModel" (id, "modelId", "dict_algorithmId") VALUES ('f276965f-fbb6-4b95-abc8-ae4d33355fa7', '7cab8661-1181-4f77-bfca-0bcc9c7bd2e2', '2cfce9e9-4473-46fc-8cb3-e731feef2621');
INSERT INTO public."dict_algorithmOnModel" (id, "modelId", "dict_algorithmId") VALUES ('e12cb3ae-2040-46c0-b8ae-4f3e03563c7a', 'a086f7d7-c23d-48d4-9626-b97cc69a7112', '2cfce9e9-4473-46fc-8cb3-e731feef2621');


--
-- TOC entry 3318 (class 0 OID 128838)
-- Dependencies: 207
-- Data for Name: dict_algorithms; Type: TABLE DATA; Schema: public; Owner: postgres
--

INSERT INTO public.dict_algorithms (id, value) VALUES ('2cfce9e9-4473-46fc-8cb3-e731feef2621', 'Logit');
INSERT INTO public.dict_algorithms (id, value) VALUES ('9f80743e-4374-480e-840b-9600b23122c5', 'LigthGBM');
INSERT INTO public.dict_algorithms (id, value) VALUES ('3e578316-7359-4124-9097-75109f5bc7db', 'GNN');
INSERT INTO public.dict_algorithms (id, value) VALUES ('c35f3e34-b026-4d83-b8c8-f445324a4bb7', 'Симуляция');
INSERT INTO public.dict_algorithms (id, value) VALUES ('900b25d4-2419-4bc1-8d3d-fc482d06974b', 'Catboost');
INSERT INTO public.dict_algorithms (id, value) VALUES ('dca785d0-a990-4ed6-b02f-4df5fcf69feb', 'Экспертный');
INSERT INTO public.dict_algorithms (id, value) VALUES ('7494ac2a-c945-473f-abb3-7e353fba383f', 'Дерево решений');


--
-- TOC entry 3319 (class 0 OID 128844)
-- Dependencies: 208
-- Data for Name: dict_approval_results; Type: TABLE DATA; Schema: public; Owner: postgres
--

INSERT INTO public.dict_approval_results (id, value) VALUES ('519d40fd-5842-4b07-861a-cc9f9ae7a932', 'Согласовано');
INSERT INTO public.dict_approval_results (id, value) VALUES ('5e31daf9-f89f-49a7-a4d5-96d714ef57ce', 'Условно согласовано');
INSERT INTO public.dict_approval_results (id, value) VALUES ('a7e8a472-fd78-46a2-885d-420ef907fee9', 'Не согласовано');


--
-- TOC entry 3320 (class 0 OID 128850)
-- Dependencies: 209
-- Data for Name: dict_architectures; Type: TABLE DATA; Schema: public; Owner: postgres
--

INSERT INTO public.dict_architectures (id, value) VALUES ('860c9c66-40e2-46f7-a96a-404f0c5f2108', 'Бинарная классификация');
INSERT INTO public.dict_architectures (id, value) VALUES ('13086315-7451-45be-bb32-4584a1dd6bd0', 'Многоклассовая классификация');
INSERT INTO public.dict_architectures (id, value) VALUES ('e1916e87-e8fb-4f11-af70-b853a9e9c473', 'Регрессия');
INSERT INTO public.dict_architectures (id, value) VALUES ('2e80e04a-0f97-401c-a3e1-88ab5bb1a2b6', 'Симуляция');
INSERT INTO public.dict_architectures (id, value) VALUES ('3f7bb325-1339-4aa7-bad7-c6a7442a6a93', 'Монте-Карло');
INSERT INTO public.dict_architectures (id, value) VALUES ('4ad11464-3000-4cff-8e41-83dbeb26d499', 'Экспертная');


--
-- TOC entry 3321 (class 0 OID 128856)
-- Dependencies: 210
-- Data for Name: dict_flatTabSource_types; Type: TABLE DATA; Schema: public; Owner: postgres
--

INSERT INTO public."dict_flatTabSource_types" (id, value) VALUES ('fac4c5ff-420d-4ed1-8cf9-6eb55a2f8ed2', 'Файл');
INSERT INTO public."dict_flatTabSource_types" (id, value) VALUES ('74e0c892-a217-40eb-85f8-d04822863f75', 'ЕХД');
INSERT INTO public."dict_flatTabSource_types" (id, value) VALUES ('645d0648-8206-4743-a0fe-6fd4635d4b5d', 'MS SQL');
INSERT INTO public."dict_flatTabSource_types" (id, value) VALUES ('0fa50002-e600-4b43-b426-cdcb5d724e83', 'Oracle');



--
-- TOC entry 3323 (class 0 OID 128865)
-- Dependencies: 212
-- Data for Name: dict_lib_versions; Type: TABLE DATA; Schema: public; Owner: postgres
--

INSERT INTO public.dict_lib_versions (id, value) VALUES ('4d882e9c-ca94-4288-8338-721647c33bcd', '1.22');
INSERT INTO public.dict_lib_versions (id, value) VALUES ('50977f9a-fb70-48b8-9fea-bbbd2955abaf', '2.0');
INSERT INTO public.dict_lib_versions (id, value) VALUES ('4bb2e058-194b-4b16-9f46-3b80f992b64d', '1.25');


--
-- TOC entry 3324 (class 0 OID 128871)
-- Dependencies: 213
-- Data for Name: dict_metrics; Type: TABLE DATA; Schema: public; Owner: postgres
--

INSERT INTO public.dict_metrics (id, value) VALUES ('8ed547a5-879b-4604-b911-a62c0790ba03', 'GINI');
INSERT INTO public.dict_metrics (id, value) VALUES ('5dd3cff0-8861-44c3-ac60-05eb08afeaa4', 'ROC-AUC');
INSERT INTO public.dict_metrics (id, value) VALUES ('a800e514-e551-4545-bd66-43fd2efeac10', 'R2');
INSERT INTO public.dict_metrics (id, value) VALUES ('0d02cb36-e75f-4dfc-9923-548a0fe1e0ef', 'KS');


--
-- TOC entry 3325 (class 0 OID 128877)
-- Dependencies: 214
-- Data for Name: dict_model_classes; Type: TABLE DATA; Schema: public; Owner: postgres
--

INSERT INTO public.dict_model_classes (id, value, prefix) VALUES ('60c91aae-f285-4f3b-9a94-500a049f24b4', 'ALM модель', NULL);
INSERT INTO public.dict_model_classes (id, value, prefix) VALUES ('5d14dfaf-7acb-471d-9ea6-4665b3820fd4', 'VAR модель', NULL);
INSERT INTO public.dict_model_classes (id, value, prefix) VALUES ('1b497205-80b0-49b4-939b-dc1b30b0d70f', 'Greeks', NULL);
INSERT INTO public.dict_model_classes (id, value, prefix) VALUES ('0eab359e-efb6-4880-94b4-7212f435d2ab', 'ТСС модель', NULL);
INSERT INTO public.dict_model_classes (id, value, prefix) VALUES ('fae4eae5-87e8-47e1-b926-c0f42dcc162c', 'Collection', NULL);
INSERT INTO public.dict_model_classes (id, value, prefix) VALUES ('5d868f5f-eda1-4dde-841e-6209502f4699', 'Прочие модели', NULL);
INSERT INTO public.dict_model_classes (id, value, prefix) VALUES ('a38439f3-bdcc-4752-89fc-3c7e6665d81a', 'Python', NULL);
INSERT INTO public.dict_model_classes (id, value, prefix) VALUES ('66c68e68-1b08-4c36-99ee-f57da5feb7ba', 'GBM/LOC2VEC', NULL);
INSERT INTO public.dict_model_classes (id, value, prefix) VALUES ('8affccc1-b541-4e23-ba39-c907794e49b8', 'ECAP модель', 'CAP_');
INSERT INTO public.dict_model_classes (id, value, prefix) VALUES ('dd2c8d27-275f-431a-a025-e89585f02bc0', 'EAD модель', 'EAD_');
INSERT INTO public.dict_model_classes (id, value, prefix) VALUES ('7671a40e-b94d-47de-a862-b1783ebf82f3', 'LGD модель', 'LGD_');
INSERT INTO public.dict_model_classes (id, value, prefix) VALUES ('218239f6-ec74-414a-9ae6-6608abfe487e', 'GBM', 'R_');
INSERT INTO public.dict_model_classes (id, value, prefix) VALUES ('3a45fd70-c6e7-45be-85c2-a0100d7f15ae', 'GLM', 'R_');
INSERT INTO public.dict_model_classes (id, value, prefix) VALUES ('22d474c9-b9b2-43bd-b929-487cac3d9396', 'GNN', 'R_');
INSERT INTO public.dict_model_classes (id, value, prefix) VALUES ('63834342-3183-48a8-97a3-5543a6c5d17b', 'Модель определения лимита', 'R_');
INSERT INTO public.dict_model_classes (id, value, prefix) VALUES ('d78094ce-e941-4fd6-8db3-633e3c8c34b3', 'Регрессия', 'R_');
INSERT INTO public.dict_model_classes (id, value, prefix) VALUES ('ecffd78c-9d62-40c8-b26d-39ad2c688224', 'Стресс-тестирование', 'STRESS_');
INSERT INTO public.dict_model_classes (id, value, prefix) VALUES ('fcce8712-eda5-4f0b-a8e8-e47d3cb45049', 'PD модель заявочная', 'PD_');
INSERT INTO public.dict_model_classes (id, value, prefix) VALUES ('450d9a32-558c-4cce-89a8-392b4568a623', 'PD модель поведенческая', 'PD_');
INSERT INTO public.dict_model_classes (id, value, prefix) VALUES ('46737d21-dd33-41e0-8229-54cba10d5aec', 'Прочие модели бинарной классификации', 'B_');
INSERT INTO public.dict_model_classes (id, value, prefix) VALUES ('75006e62-b06e-4074-b98e-02a2e6d02b23', 'Постверификация', 'B_');
INSERT INTO public.dict_model_classes (id, value, prefix) VALUES ('ec3f3e43-0a5f-487e-b7ea-42dd2b50926c', 'Прескоринг', 'B_');
INSERT INTO public.dict_model_classes (id, value, prefix) VALUES ('84055a8f-2b71-409c-ae62-056d3d016a25', 'Прочие модели бинарной классификации Повенденченская', 'B_');
INSERT INTO public.dict_model_classes (id, value, prefix) VALUES ('722eb7c7-cc12-4442-a76d-a7b2e0a1bc48', 'Многоклассовая регрессия', 'M_');
INSERT INTO public.dict_model_classes (id, value, prefix) VALUES ('5ac83062-7e12-43a8-8cf2-b3e29a20541d', 'Cluster', 'CLUSTER_');
INSERT INTO public.dict_model_classes (id, value, prefix) VALUES ('39260a2f-50f5-418a-9870-b07a05c4f2aa', 'PD модель аппликативная', 'PD_');


--
-- TOC entry 3326 (class 0 OID 128883)
-- Dependencies: 215
-- Data for Name: dict_model_owners; Type: TABLE DATA; Schema: public; Owner: postgres
--

INSERT INTO public.dict_model_owners (id, value, prefix, postfix) VALUES ('da361e2d-e32b-4064-b45b-100e5cbed63f', 'ДПА', 'COLLECTION_', NULL);
INSERT INTO public.dict_model_owners (id, value, prefix, postfix) VALUES ('b1f98d60-4d72-4475-b6a9-8efc1f221457', 'Казначейство', 'ALM_', NULL);
INSERT INTO public.dict_model_owners (id, value, prefix, postfix) VALUES ('b5b974ed-1776-4385-9941-e87aa01a2de4', 'Трайб CVM', 'CVM_', NULL);
INSERT INTO public.dict_model_owners (id, value, prefix, postfix) VALUES ('8429555b-553e-411d-a793-30af39588aa0', 'CRM МСБ', 'CRM_', NULL);
INSERT INTO public.dict_model_owners (id, value, prefix, postfix) VALUES ('0de155d7-dc71-4402-aea4-3c7e60ca4473', 'ДПК', 'RISK_', NULL);
INSERT INTO public.dict_model_owners (id, value, prefix, postfix) VALUES ('13353c30-197f-4a79-947b-0bdbe9622cc4', 'Группа_Открытие Брокер', 'RISK_', 'GR_BROKER_');
INSERT INTO public.dict_model_owners (id, value, prefix, postfix) VALUES ('13f3d770-37fd-4ed8-8cb6-f5534c47b787', 'УМиА ДИР', 'RISK_', NULL);
INSERT INTO public.dict_model_owners (id, value, prefix, postfix) VALUES ('36de0295-946d-4623-bf0e-75818ed6532f', 'УРР ДИРМ', 'RISK_', NULL);
INSERT INTO public.dict_model_owners (id, value, prefix, postfix) VALUES ('4334b6e4-764e-40db-904a-45d09d7b66bb', 'АУ ДАРР', 'RISK_', NULL);
INSERT INTO public.dict_model_owners (id, value, prefix, postfix) VALUES ('82a4a8f4-2ef3-4917-942c-5dd6d3787962', 'Группа_УКОткрытие', 'RISK_', 'GR_UKOTKR_');
INSERT INTO public.dict_model_owners (id, value, prefix, postfix) VALUES ('864f88e6-3df0-4655-a510-d72105c2027c', 'УИР ДИРМ', 'RISK_', NULL);
INSERT INTO public.dict_model_owners (id, value, prefix, postfix) VALUES ('9391331d-ec1e-4a55-a7c5-3a3493e4d167', 'ДРКБ', 'RISK_', NULL);
INSERT INTO public.dict_model_owners (id, value, prefix, postfix) VALUES ('9647bca2-ccbb-4f98-aefc-e361c9cc1902', 'Группа_РГСБанк', 'RISK_', 'GR_RGSB_');
INSERT INTO public.dict_model_owners (id, value, prefix, postfix) VALUES ('a2efb44d-9957-4a90-a9ad-e2e631b9a394', 'ФБ ОСБ', 'RISK_', NULL);
INSERT INTO public.dict_model_owners (id, value, prefix, postfix) VALUES ('b6d65199-2bb7-4248-99ea-44be4132dd30', 'Группа_РГС', 'RISK_', 'GR_RGS_');
INSERT INTO public.dict_model_owners (id, value, prefix, postfix) VALUES ('ebf67928-5375-4e95-8b2a-4af32c882826', 'УОР ДАРР', 'RISK_', NULL);
INSERT INTO public.dict_model_owners (id, value, prefix, postfix) VALUES ('f727eeba-1d21-404a-b832-0eff350dd59c', 'Группа_БалтЛизинг', 'RISK_', 'GR_BALTLEASING_');


--
-- TOC entry 3327 (class 0 OID 128889)
-- Dependencies: 216
-- Data for Name: dict_model_significances; Type: TABLE DATA; Schema: public; Owner: postgres
--

INSERT INTO public.dict_model_significances (id, value) VALUES ('cf35ecc4-32bf-4c93-9a55-1a50c1664dd2', 'Низкая');
INSERT INTO public.dict_model_significances (id, value) VALUES ('e82c5c43-36a8-4766-a954-6ddbded14aa2', 'Средняя');
INSERT INTO public.dict_model_significances (id, value) VALUES ('77cb8358-cf2c-41a9-9223-a01161546a5b', 'Высокая');


--
-- TOC entry 3328 (class 0 OID 128895)
-- Dependencies: 217
-- Data for Name: dict_model_statuses; Type: TABLE DATA; Schema: public; Owner: postgres
--

INSERT INTO public.dict_model_statuses (id, value, code) VALUES ('29cc126a-ca22-4f75-bde4-e188879c323a', 'Постановка задачи', 100);
INSERT INTO public.dict_model_statuses (id, value, code) VALUES ('476965cf-4f3b-4870-8942-fb033b49c071', 'Снятие с эксплуатации', 1100);
INSERT INTO public.dict_model_statuses (id, value, code) VALUES ('30ec7302-5b8e-4d92-bc9d-8342fc9e0079', 'Маршрутизация БТ', 200);
INSERT INTO public.dict_model_statuses (id, value, code) VALUES ('6da29a76-5572-49d6-bcd5-2f6cf0247b77', 'Разработка', 300);
INSERT INTO public.dict_model_statuses (id, value, code) VALUES ('884ca1db-0fe1-4b64-9303-eabea93ed16c', 'Согласование', 400);
INSERT INTO public.dict_model_statuses (id, value, code) VALUES ('a1c96a59-72fd-482a-891b-706f77dbbdde', 'Маршрутизация', 500);
INSERT INTO public.dict_model_statuses (id, value, code) VALUES ('14a9717e-b14e-4154-b027-b7a1452b93ad', 'Валидация', 600);
INSERT INTO public.dict_model_statuses (id, value, code) VALUES ('24b48916-dd11-4479-adcc-f97403f54b8a', 'Утверждение', 700);
INSERT INTO public.dict_model_statuses (id, value, code) VALUES ('a9ead886-5327-4a03-96c2-d16e28f0cf86', 'Разработка ПР', 800);
INSERT INTO public.dict_model_statuses (id, value, code) VALUES ('d8b2b809-a3f0-4e3e-9179-a78532231614', 'Валидация ПР', 900);
INSERT INTO public.dict_model_statuses (id, value, code) VALUES ('bb92a80a-561d-45c9-ab86-60a0d3dda84a', 'Эксплуатация', 1000);


--
-- TOC entry 3329 (class 0 OID 128901)
-- Dependencies: 218
-- Data for Name: dict_model_types; Type: TABLE DATA; Schema: public; Owner: postgres
--

INSERT INTO public.dict_model_types (id, value) VALUES ('c22a0cea-d895-413d-9b4d-24ec84cb9f11', 'Экспертная');
INSERT INTO public.dict_model_types (id, value) VALUES ('16308352-217f-4900-a43a-d6df0fc3f853', 'Статистическая');
INSERT INTO public.dict_model_types (id, value) VALUES ('8940b8f5-2f22-4392-9247-6af2065db2b1', 'Экспертно-статистическая');
INSERT INTO public.dict_model_types (id, value) VALUES ('9e4c025d-04ba-450e-bfb7-7b4a16b4a616', 'Симуляционная');


--
-- TOC entry 3330 (class 0 OID 128907)
-- Dependencies: 219
-- Data for Name: dict_program_shells; Type: TABLE DATA; Schema: public; Owner: postgres
--

INSERT INTO public.dict_program_shells (id, value) VALUES ('66212881-bd16-4276-9830-bc25b893354a', 'R');
INSERT INTO public.dict_program_shells (id, value) VALUES ('7f618aa0-b4fd-4284-a262-2c0c73c984d1', 'Python');
INSERT INTO public.dict_program_shells (id, value) VALUES ('cce3c06a-3a61-40ec-a58d-d669c18e9fc9', 'Excel');


--
-- TOC entry 3331 (class 0 OID 128913)
-- Dependencies: 220
-- Data for Name: dict_recommendation_statuses; Type: TABLE DATA; Schema: public; Owner: postgres
--

INSERT INTO public.dict_recommendation_statuses (id, value) VALUES ('086b97cf-50f6-487c-89d3-f268b029227a', 'Отменена');
INSERT INTO public.dict_recommendation_statuses (id, value) VALUES ('6228e76f-bdce-4671-86e2-f47e2d08f600', 'Выполнена');
INSERT INTO public.dict_recommendation_statuses (id, value) VALUES ('5a740c2f-4594-467c-b90f-dffd4b7d2838', 'В работе');
INSERT INTO public.dict_recommendation_statuses (id, value) VALUES ('65b40fe4-662b-4701-9832-d5862774b9fe', 'Отложена');
INSERT INTO public.dict_recommendation_statuses (id, value) VALUES ('cf49899d-7dbe-4abf-bded-af959df90ecd', 'Отложена +  срок (возможность заполнить вручную)');
INSERT INTO public.dict_recommendation_statuses (id, value) VALUES ('9a969f75-081e-4485-8ba2-403d8c986697', 'Частично выполнена');
INSERT INTO public.dict_recommendation_statuses (id, value) VALUES ('655be6bb-91c7-478f-9481-cd8a1e8afe3e', 'Не выполнена');


--
-- TOC entry 3332 (class 0 OID 128919)
-- Dependencies: 221
-- Data for Name: dict_responsible_units; Type: TABLE DATA; Schema: public; Owner: postgres
--

INSERT INTO public.dict_responsible_units (id, value) VALUES ('1f2019e7-3c69-429c-83ed-1ea76acb25c5', 'УРР ДИРМ');
INSERT INTO public.dict_responsible_units (id, value) VALUES ('854150a4-cc2a-47fc-a769-d5ffd13a0b43', 'УИР ДИРМ');
INSERT INTO public.dict_responsible_units (id, value) VALUES ('95039ed9-f4bd-493e-bf29-9701e2b01023', 'УМиА ДИР');
INSERT INTO public.dict_responsible_units (id, value) VALUES ('3e4a90c4-5c40-4aaf-965e-463926a2dcf3', 'Группа_БалтЛизинг');
INSERT INTO public.dict_responsible_units (id, value) VALUES ('40df0879-36ff-492d-a503-a8bf97d537f3', 'Группа_УКОткрытие');
INSERT INTO public.dict_responsible_units (id, value) VALUES ('12459810-5039-4e22-8540-6796104040b1', 'АУ ДАРР');
INSERT INTO public.dict_responsible_units (id, value) VALUES ('a09af4f1-82e0-403e-b462-536bfd7b3b93', 'ДРКБ');
INSERT INTO public.dict_responsible_units (id, value) VALUES ('429cfee3-0e41-44f5-95e2-ac4567e77ca7', 'Группа_РГСБанк');
INSERT INTO public.dict_responsible_units (id, value) VALUES ('9f824ccb-fe2e-49a5-b00d-be636069a758', 'Группа_РГС');
INSERT INTO public.dict_responsible_units (id, value) VALUES ('e281c7f2-d9cc-4f4c-860d-764e92df00e5', 'ФБ ОСБ');
INSERT INTO public.dict_responsible_units (id, value) VALUES ('6ecd2801-0e12-45b3-bfbf-ae48ab0f217c', 'УОР ДАРР');
INSERT INTO public.dict_responsible_units (id, value) VALUES ('eb53d158-0b87-4683-9100-7c1c173bd563', 'ДПА');
INSERT INTO public.dict_responsible_units (id, value) VALUES ('c2d53ab4-c948-4acb-829f-b51c193ed167', 'Группа_Открытие Брокер');
INSERT INTO public.dict_responsible_units (id, value) VALUES ('9048b43b-9c46-4b85-85ab-50666755bce0', 'CRM МСБ');
INSERT INTO public.dict_responsible_units (id, value) VALUES ('75bd6ab4-e1f5-467a-981a-6392ba03a44b', 'Казначейство');
INSERT INTO public.dict_responsible_units (id, value) VALUES ('1865f379-22f0-49bd-a8e3-8c3d2cd78a6f', 'Трайб CVM');
INSERT INTO public.dict_responsible_units (id, value) VALUES ('5e02b73b-6062-4559-a877-76fee7ce8096', 'ДПК');


--
-- TOC entry 3333 (class 0 OID 128925)
-- Dependencies: 222
-- Data for Name: dict_role_datasetOnDataset; Type: TABLE DATA; Schema: public; Owner: postgres
--

INSERT INTO public."dict_role_datasetOnDataset" (id, "datasetId", "dict_role_datasetId") VALUES ('052a17e9-946a-4dc9-b489-9a56220124f8', 'f8844ce7-8058-4910-bb45-bdd6893c6376', 'b7bf3eb5-5ddf-40d4-88ab-2db27f887ae0');
INSERT INTO public."dict_role_datasetOnDataset" (id, "datasetId", "dict_role_datasetId") VALUES ('841306c6-ea72-46f3-a77f-807829773a46', 'eb23bb55-4c2c-4802-a1b8-e6a603534b28', 'b7bf3eb5-5ddf-40d4-88ab-2db27f887ae0');
INSERT INTO public."dict_role_datasetOnDataset" (id, "datasetId", "dict_role_datasetId") VALUES ('c74cf6b1-208e-4fc3-ba0d-b30fb3295667', 'a8ae0035-5554-4240-a7a9-4f0f55c8e60e', 'b7bf3eb5-5ddf-40d4-88ab-2db27f887ae0');
INSERT INTO public."dict_role_datasetOnDataset" (id, "datasetId", "dict_role_datasetId") VALUES ('e4ba06b5-eb32-40b2-9f2a-d8f389595e3e', '721491a0-d14f-4637-a11d-7576bab861b5', 'b7bf3eb5-5ddf-40d4-88ab-2db27f887ae0');


--
-- TOC entry 3334 (class 0 OID 128928)
-- Dependencies: 223
-- Data for Name: dict_role_datasets; Type: TABLE DATA; Schema: public; Owner: postgres
--

INSERT INTO public.dict_role_datasets (id, value) VALUES ('b7bf3eb5-5ddf-40d4-88ab-2db27f887ae0', 'Train');
INSERT INTO public.dict_role_datasets (id, value) VALUES ('7034eb7c-4d87-422f-8518-cfc3767d8dd3', 'Test');
INSERT INTO public.dict_role_datasets (id, value) VALUES ('abb95f05-afd0-48d1-b0f7-8a159047832e', 'OOT');
INSERT INTO public.dict_role_datasets (id, value) VALUES ('9b1570a3-ec5b-4c2b-b1ce-86f216a70f2c', 'OOS');
INSERT INTO public.dict_role_datasets (id, value) VALUES ('6d60e37b-74f7-47bd-84cb-8b9deb315617', 'Valid');
INSERT INTO public.dict_role_datasets (id, value) VALUES ('27f48d71-1142-467b-bcdc-8ed277744211', 'Calib');


--
-- TOC entry 3335 (class 0 OID 128934)
-- Dependencies: 224
-- Data for Name: dict_role_employees; Type: TABLE DATA; Schema: public; Owner: postgres
--

INSERT INTO public.dict_role_employees (id, value) VALUES ('0a95f492-07b7-4720-a0d4-ec5b3a1f00b5', 'Все сотрудники, зарегистрированные в БМ');


--
-- TOC entry 3336 (class 0 OID 128940)
-- Dependencies: 225
-- Data for Name: dict_sourcesOnDataset; Type: TABLE DATA; Schema: public; Owner: postgres
--

INSERT INTO public."dict_sourcesOnDataset" (id, "datasetId", "dict_sourcesId") VALUES ('daca6937-960f-4d15-803b-19b3290d15b5', 'f8844ce7-8058-4910-bb45-bdd6893c6376', 'f15548d7-a741-4beb-ad37-b59f37b995e1');
INSERT INTO public."dict_sourcesOnDataset" (id, "datasetId", "dict_sourcesId") VALUES ('04922d60-61b7-431e-8e43-48eac9cfb764', 'eb23bb55-4c2c-4802-a1b8-e6a603534b28', 'f15548d7-a741-4beb-ad37-b59f37b995e1');
INSERT INTO public."dict_sourcesOnDataset" (id, "datasetId", "dict_sourcesId") VALUES ('bd928a44-2a30-452e-b183-4640b5bac19b', 'a8ae0035-5554-4240-a7a9-4f0f55c8e60e', 'f15548d7-a741-4beb-ad37-b59f37b995e1');
INSERT INTO public."dict_sourcesOnDataset" (id, "datasetId", "dict_sourcesId") VALUES ('5cdbd466-cfd0-4d98-b755-465588ae3fee', '721491a0-d14f-4637-a11d-7576bab861b5', 'f15548d7-a741-4beb-ad37-b59f37b995e1');


--
-- TOC entry 3337 (class 0 OID 128943)
-- Dependencies: 226
-- Data for Name: dict_sourceses; Type: TABLE DATA; Schema: public; Owner: postgres
--

INSERT INTO public.dict_sourceses (id, value) VALUES ('50082827-c4cd-435c-8402-4fac0a814800', 'Файл');
INSERT INTO public.dict_sourceses (id, value) VALUES ('bf3c4c10-275d-4f92-bece-cf6d7ba320fe', 'ЕХД');
INSERT INTO public.dict_sourceses (id, value) VALUES ('524464e7-413b-4338-97bb-490aa42b1bae', 'MS SQL');
INSERT INTO public.dict_sourceses (id, value) VALUES ('f15548d7-a741-4beb-ad37-b59f37b995e1', 'Oracle');


--
-- TOC entry 3338 (class 0 OID 128949)
-- Dependencies: 227
-- Data for Name: dict_validation_classes; Type: TABLE DATA; Schema: public; Owner: postgres
--

INSERT INTO public.dict_validation_classes (id, value) VALUES ('29a726e3-82b1-40a1-8c0a-befa0432bff8', 'Валидация матмодели');
INSERT INTO public.dict_validation_classes (id, value) VALUES ('d13c5356-eda6-4f84-b494-09e4c2a56bbc', 'Валидация промышленного решения');


--
-- TOC entry 3339 (class 0 OID 128955)
-- Dependencies: 228
-- Data for Name: dict_validation_methods; Type: TABLE DATA; Schema: public; Owner: postgres
--

INSERT INTO public.dict_validation_methods (id, value) VALUES ('e2a3f082-3f75-42d4-b618-01c914c15507', 'Методики валидации моделей оценки риска с использованием бинарной классификации на основе алгоритмов градиентного бустинга');
INSERT INTO public.dict_validation_methods (id, value) VALUES ('ad125de8-258c-45c5-8703-19330c5589cb', 'Методики валидации моделей оценки риска с использованием бинарной классификации на основе логистической регрессии');
INSERT INTO public.dict_validation_methods (id, value) VALUES ('f9603dde-6293-41f9-9d72-8cf786089f0a', 'Экспертные критерии валидации');


--
-- TOC entry 3340 (class 0 OID 128961)
-- Dependencies: 229
-- Data for Name: dict_validation_rankOnValidation; Type: TABLE DATA; Schema: public; Owner: postgres
--

INSERT INTO public."dict_validation_rankOnValidation" (id, "validationId", "dict_validation_rankId") VALUES ('1dee84e1-b04c-4da4-a4f3-7bb32d598096', 'a7f52e4b-f7d7-49cd-9041-bc45fe766cf4', 'eb882e74-2791-4882-8802-f002156ebe6a');
INSERT INTO public."dict_validation_rankOnValidation" (id, "validationId", "dict_validation_rankId") VALUES ('61a3f154-6a8e-4724-bed5-98307c73ef7f', '615e166e-b5d9-44cd-b446-b0ae95aa9830', 'b95ce7e5-c67e-4771-832b-7cda5a1ea653');
INSERT INTO public."dict_validation_rankOnValidation" (id, "validationId", "dict_validation_rankId") VALUES ('285d50c5-1144-472a-82ef-5aa606d0ed21', '38e2c3f8-af55-4c57-a28c-e7db9088e4ef', 'b02b6679-2197-4ca4-9db2-cc8ac3adf6be');


--
-- TOC entry 3341 (class 0 OID 128964)
-- Dependencies: 230
-- Data for Name: dict_validation_ranks; Type: TABLE DATA; Schema: public; Owner: postgres
--

INSERT INTO public.dict_validation_ranks (id, value) VALUES ('eb882e74-2791-4882-8802-f002156ebe6a', 'З');
INSERT INTO public.dict_validation_ranks (id, value) VALUES ('b02b6679-2197-4ca4-9db2-cc8ac3adf6be', 'Ж');
INSERT INTO public.dict_validation_ranks (id, value) VALUES ('b95ce7e5-c67e-4771-832b-7cda5a1ea653', 'О');
INSERT INTO public.dict_validation_ranks (id, value) VALUES ('d88b201c-2936-44e9-917e-2c4a5054a809', 'К');
INSERT INTO public.dict_validation_ranks (id, value) VALUES ('2af0e5ad-464d-4d10-9d3b-0b13def24a7b', 'Оценка не ставится');


--
-- TOC entry 3342 (class 0 OID 128970)
-- Dependencies: 231
-- Data for Name: dict_validation_types; Type: TABLE DATA; Schema: public; Owner: postgres
--

INSERT INTO public.dict_validation_types (id, value) VALUES ('ccb29a87-5d67-4740-b0b9-e7557aaa3c13', 'Первичная');
INSERT INTO public.dict_validation_types (id, value) VALUES ('8c950583-badb-42ff-a264-198a4ca78ba9', 'Внеплановая');
INSERT INTO public.dict_validation_types (id, value) VALUES ('958bee27-262c-4cf4-b5ad-cc1033a22fc0', 'Периодическая');


--
-- TOC entry 3344 (class 0 OID 128982)
-- Dependencies: 233
-- Data for Name: model_structures; Type: TABLE DATA; Schema: public; Owner: postgres
--

INSERT INTO public.model_structures (id, "modelId") VALUES ('06674c9a-98b3-4b32-93ac-42a34d5f7dea', 'aea3d88f-b5f4-4ed0-ad1a-c0dff89f3b57');
INSERT INTO public.model_structures (id, "modelId") VALUES ('3016667a-c64d-47a6-be9a-7bc27426915d', 'a086f7d7-c23d-48d4-9626-b97cc69a7112');
INSERT INTO public.model_structures (id, "modelId") VALUES ('945423b4-c304-4830-a4b0-5e778cf8dc04', '107b5f1b-7b11-4d8e-b8fb-5f5d0ddea439');
INSERT INTO public.model_structures (id, "modelId") VALUES ('b41e01cf-36a9-434b-a173-80c8046c814c', '7cab8661-1181-4f77-bfca-0bcc9c7bd2e2');


--
-- TOC entry 3345 (class 0 OID 128985)
-- Dependencies: 234
-- Data for Name: models; Type: TABLE DATA; Schema: public; Owner: postgres
--

INSERT INTO public.models (id, "modelId", name, version, status, owner, significance, "modelType", requirement, "targetDescription", dev_start_at, dev_end_at, architecture, problem, class_, "programShell", scripts, validation, process, fullname) VALUES ('3ce85a4a-8c5b-47e0-96f5-8e551440e3ab', 'RISK_PD_RETAIL_OPEN_MARKET', 'Аппликативная PD модель для сегмента Открытый рынок 2.0', '2.0', 'bb92a80a-561d-45c9-ab86-60a0d3dda84a', '13f3d770-37fd-4ed8-8cb6-f5534c47b787', NULL, NULL, '3297744e-fcaf-43ad-b01d-39b568bb7d3b', 'Выход на просрочку 90+ на горизонте 12 месяцев', '2019-11-30 00:00:00', '2020-01-30 00:00:00', '860c9c66-40e2-46f7-a96a-404f0c5f2108', 'Оценка кредитного риска в применении к сегменту «Кредит наличными. Открытый рынок». ', 'fcce8712-eda5-4f0b-a8e8-e47d3cb45049', '7f618aa0-b4fd-4284-a262-2c0c73c984d1', 'Y:\ЦВ\work\20201002_Открытый рынок 2.0RISK_PD_RETAIL_OPEN_MARKET', NULL, NULL, NULL);
INSERT INTO public.models (id, "modelId", name, version, status, owner, significance, "modelType", requirement, "targetDescription", dev_start_at, dev_end_at, architecture, problem, class_, "programShell", scripts, validation, process, fullname) VALUES ('80be8f6f-1037-463c-a9fb-2b06028e22c2', 'RISK_B_CIB_MONITORING	', 'Мониторинг КИБ', '2.0', 'bb92a80a-561d-45c9-ab86-60a0d3dda84a', '13f3d770-37fd-4ed8-8cb6-f5534c47b787', NULL, NULL, NULL, 'Наличие сигнала проблемности	', '2020-06-01 00:00:00', '2020-09-15 00:00:00', '860c9c66-40e2-46f7-a96a-404f0c5f2108', 'Выявление сигналов Проблемности по клиентам КБ	', '46737d21-dd33-41e0-8229-54cba10d5aec', 'cce3c06a-3a61-40ec-a58d-d669c18e9fc9', 'Y:\ЦВ\work\20210512_Модуль_БКИ_сегмент_ИП', NULL, NULL, NULL);
INSERT INTO public.models (id, "modelId", name, version, status, owner, significance, "modelType", requirement, "targetDescription", dev_start_at, dev_end_at, architecture, problem, class_, "programShell", scripts, validation, process, fullname) VALUES ('de7a58d3-605c-4f6c-918b-70c91899dd37', 'CVM_B_RETAIL_KN_PRICING	', 'Модель оценки модели прайсинга Кредита Наличными', '1.0', 'bb92a80a-561d-45c9-ab86-60a0d3dda84a', 'b5b974ed-1776-4385-9941-e87aa01a2de4', 'e82c5c43-36a8-4766-a954-6ddbded14aa2', NULL, NULL, 'Клиент оформил предложение по КН', '2021-01-15 00:00:00', '2021-03-01 00:00:00', '860c9c66-40e2-46f7-a96a-404f0c5f2108', 'Увеличение продаж Кредита Наличными за счет персонализированного подбора ставок при заданном уровне доходности продукта	', '46737d21-dd33-41e0-8229-54cba10d5aec', '7f618aa0-b4fd-4284-a262-2c0c73c984d1', 'Y:\ЦВ\work\20210611_CVM_Pricing', NULL, NULL, NULL);
INSERT INTO public.models (id, "modelId", name, version, status, owner, significance, "modelType", requirement, "targetDescription", dev_start_at, dev_end_at, architecture, problem, class_, "programShell", scripts, validation, process, fullname) VALUES ('c466cbfb-a530-4e60-b21b-3d6809448618', 'RISK_PD_RETAIL_APPL_SALARY_OFFLINE', 'Аппликативная PD-модель для ЗП клиентов Офлайн', '1.1', '476965cf-4f3b-4870-8942-fb033b49c071', '4334b6e4-764e-40db-904a-45d09d7b66bb', NULL, '16308352-217f-4900-a43a-d6df0fc3f853', NULL, 'Просрочка 90+ в течение 12 месяцев с даты открытия', '2019-04-15 00:00:00', '2019-06-15 00:00:00', '860c9c66-40e2-46f7-a96a-404f0c5f2108', 'Задачи модели четко не определены', '39260a2f-50f5-418a-9870-b07a05c4f2aa', '66212881-bd16-4276-9830-bc25b893354a', 'Y:\ЦВ\work\20191001_Розница PD по зарплатникам', NULL, NULL, NULL);
INSERT INTO public.models (id, "modelId", name, version, status, owner, significance, "modelType", requirement, "targetDescription", dev_start_at, dev_end_at, architecture, problem, class_, "programShell", scripts, validation, process, fullname) VALUES ('65c3b80b-c8e1-4b1a-8ff9-b2e550b50fe2', 'RISK_PD_CORP_BEH_SCF', 'Модель разметки  SCF крупных компаний (Лукойл)', '1.1', '476965cf-4f3b-4870-8942-fb033b49c071', '13f3d770-37fd-4ed8-8cb6-f5534c47b787', 'e82c5c43-36a8-4766-a954-6ddbded14aa2', '16308352-217f-4900-a43a-d6df0fc3f853', NULL, 'Дефолты по причине просрочки 90+', '2019-08-25 00:00:00', '2019-10-29 00:00:00', '860c9c66-40e2-46f7-a96a-404f0c5f2108', 'Задачей модели является нахождение рейтинга целевых клиентов', '450d9a32-558c-4cce-89a8-392b4568a623', '7f618aa0-b4fd-4284-a262-2c0c73c984d1', 'Y:\ЦВ\work\20191106_SCF', NULL, NULL, NULL);
INSERT INTO public.models (id, "modelId", name, version, status, owner, significance, "modelType", requirement, "targetDescription", dev_start_at, dev_end_at, architecture, problem, class_, "programShell", scripts, validation, process, fullname) VALUES ('a840b282-ba69-4a6e-81e2-31ff8eaf2b1a', 'COLLECTION_B_RETAIL_DISCOUNT_90+', 'Скоринговая модель для оценки вероятности активации кредита в 90+', '1.9', 'bb92a80a-561d-45c9-ab86-60a0d3dda84a', 'da361e2d-e32b-4064-b45b-100e5cbed63f', 'cf35ecc4-32bf-4c93-9a55-1a50c1664dd2', NULL, NULL, 'Флаг внесения платежей суммарно более 3 000 рублей в течении 12 месяцев с отчетной', '2021-05-17 00:00:00', '2021-06-17 00:00:00', '860c9c66-40e2-46f7-a96a-404f0c5f2108', 'Прогнозирование активации клиента (внесение платежей суммарно более 3 000 рублей в течении 12 месяцев с даты скоринга)	', '46737d21-dd33-41e0-8229-54cba10d5aec', '7f618aa0-b4fd-4284-a262-2c0c73c984d1', 'Y:\ЦВ\work\20210330_Активация_БП', NULL, NULL, NULL);
INSERT INTO public.models (id, "modelId", name, version, status, owner, significance, "modelType", requirement, "targetDescription", dev_start_at, dev_end_at, architecture, problem, class_, "programShell", scripts, validation, process, fullname) VALUES ('c2259316-8790-459c-8c24-83781e4fff27', 'RISK_PD_CORP_BEH_PF	', 'PD модель Проектное финансирование (Project Finance)	', '1.0', 'bb92a80a-561d-45c9-ab86-60a0d3dda84a', '13f3d770-37fd-4ed8-8cb6-f5534c47b787', 'e82c5c43-36a8-4766-a954-6ddbded14aa2', 'c22a0cea-d895-413d-9b4d-24ec84cb9f11', 'bc071460-572d-4812-a40c-099bdb8fe955', 'PD клиента', '2019-10-15 00:00:00', '2020-01-15 00:00:00', '4ad11464-3000-4cff-8e41-83dbeb26d499', 'Оценки вероятности дефолта (PD) по реализуемым проектам, которые финансируются за счет кредитных средств Банка	', '450d9a32-558c-4cce-89a8-392b4568a623', 'cce3c06a-3a61-40ec-a58d-d669c18e9fc9', 'Y:\ЦВ\work\20200415_Модель Проектного финансирование', NULL, NULL, NULL);
INSERT INTO public.models (id, "modelId", name, version, status, owner, significance, "modelType", requirement, "targetDescription", dev_start_at, dev_end_at, architecture, problem, class_, "programShell", scripts, validation, process, fullname) VALUES ('15cee0cc-b501-4bc8-9614-caeb87c9a2f3', 'RISK_PD_CORP_BEH_BUILD	PD ', 'модель для застройщиков жилой недвижимости', '1.0.1', 'bb92a80a-561d-45c9-ab86-60a0d3dda84a', '13f3d770-37fd-4ed8-8cb6-f5534c47b787', '77cb8358-cf2c-41a9-9223-a01161546a5b', 'c22a0cea-d895-413d-9b4d-24ec84cb9f11', '773f1b5f-a3f8-47b2-aec3-c9f5ea9b0852', 'PD клиента', '2019-10-15 00:00:00', '2020-01-15 00:00:00', '4ad11464-3000-4cff-8e41-83dbeb26d499', 'Оценки вероятности дефолта (PD) клиентов Банка, основным видом деятельности которых является жилищное строительство относящихся к сегменту КИБ	', 'fcce8712-eda5-4f0b-a8e8-e47d3cb45049', 'cce3c06a-3a61-40ec-a58d-d669c18e9fc9', 'Y:\ЦВ\work\20200318_Модель КИБ Жилая Недвижимость', NULL, NULL, NULL);
INSERT INTO public.models (id, "modelId", name, version, status, owner, significance, "modelType", requirement, "targetDescription", dev_start_at, dev_end_at, architecture, problem, class_, "programShell", scripts, validation, process, fullname) VALUES ('607186a0-b00a-4276-a786-e52b9dcbed83', 'RISK_PD_RETAIL_APPL_SALARY_OFFLINE', 'Аппликативная PD-модель для ЗП клиентов Офлайн', '1.2', 'bb92a80a-561d-45c9-ab86-60a0d3dda84a', '4334b6e4-764e-40db-904a-45d09d7b66bb', NULL, '16308352-217f-4900-a43a-d6df0fc3f853', NULL, 'Просрочка 90+ в течение 12 месяцев с даты открытия', '2019-10-01 00:00:00', '2019-12-01 00:00:00', '860c9c66-40e2-46f7-a96a-404f0c5f2108', 'Задачи модели четко не определены', '39260a2f-50f5-418a-9870-b07a05c4f2aa', '66212881-bd16-4276-9830-bc25b893354a', 'Y:\ЦВ\work\20200623_PD_зарплатники', NULL, NULL, NULL);
INSERT INTO public.models (id, "modelId", name, version, status, owner, significance, "modelType", requirement, "targetDescription", dev_start_at, dev_end_at, architecture, problem, class_, "programShell", scripts, validation, process, fullname) VALUES ('c60b451d-d23f-436a-989c-8ff151282574', 'RISK_PD_EXPRESS_SME_TRANSACT_UL_NONDEPOSIT', 'Модуль ТРАНЗАКТ ЮЛ для моделей по экспресс продуктам, модель без депозитов и счетов', '1.0', '6da29a76-5572-49d6-bcd5-2f6cf0247b77', '13f3d770-37fd-4ed8-8cb6-f5534c47b787', 'e82c5c43-36a8-4766-a954-6ddbded14aa2', NULL, NULL, 'Выход в просрочку 90 и более дней клиентом на горизонте 12 месяцев от даты выдачи кредитного продукта', '2021-04-24 00:00:00', '2021-06-24 00:00:00', '860c9c66-40e2-46f7-a96a-404f0c5f2108', 'Расчёт скорингового балла по модулю Транзакт ЮЛ ', '5ac83062-7e12-43a8-8cf2-b3e29a20541d', '7f618aa0-b4fd-4284-a262-2c0c73c984d1', 'Y:\ЦВ\work\20210702_Экспрессы_транзакционная_модель', NULL, NULL, NULL);
INSERT INTO public.models (id, "modelId", name, version, status, owner, significance, "modelType", requirement, "targetDescription", dev_start_at, dev_end_at, architecture, problem, class_, "programShell", scripts, validation, process, fullname) VALUES ('f2429b85-c89a-49c1-a10c-3bb4c22b190f', 'RISK_PD_BANK', 'Фин институты Банки', '5.0', 'bb92a80a-561d-45c9-ab86-60a0d3dda84a', '13f3d770-37fd-4ed8-8cb6-f5534c47b787', NULL, NULL, '92d5bb8f-162e-406f-a199-e83cc633eb3f', 'PD клиента', '2020-05-03 00:00:00', '2020-08-03 00:00:00', '4ad11464-3000-4cff-8e41-83dbeb26d499', 'Задачами модели являются определение внутреннего кредитного рейтинга Контрагента, установления Лимита на Контрагента, а также порядок анализа финансового положения Контрагента и процесс взаимодействия структурных подразделений Банка при осуществлении указанных процедур', '450d9a32-558c-4cce-89a8-392b4568a623', 'cce3c06a-3a61-40ec-a58d-d669c18e9fc9', 'Y:\ЦВ\work\20200817_Банки\Итоговая версия', NULL, NULL, NULL);
INSERT INTO public.models (id, "modelId", name, version, status, owner, significance, "modelType", requirement, "targetDescription", dev_start_at, dev_end_at, architecture, problem, class_, "programShell", scripts, validation, process, fullname) VALUES ('af9f847b-1262-4e28-946c-c5407566c6a0', 'RISK_PD_RETAIL_APPL_SALARY_ONLINE', 'Аппликативная PD-модель для ЗП клиентов Онлайн', '1.1', '476965cf-4f3b-4870-8942-fb033b49c071', '4334b6e4-764e-40db-904a-45d09d7b66bb', NULL, NULL, NULL, 'Просрочка 90+ в течение 12 месяцев с даты открытия', '2019-04-15 00:00:00', '2019-06-15 00:00:00', '860c9c66-40e2-46f7-a96a-404f0c5f2108', 'Задачи модели четко не определены	', '39260a2f-50f5-418a-9870-b07a05c4f2aa', '7f618aa0-b4fd-4284-a262-2c0c73c984d1', 'Y:\ЦВ\work\20191001_Розница PD по зарплатникам', NULL, NULL, NULL);
INSERT INTO public.models (id, "modelId", name, version, status, owner, significance, "modelType", requirement, "targetDescription", dev_start_at, dev_end_at, architecture, problem, class_, "programShell", scripts, validation, process, fullname) VALUES ('6f40c249-29e2-4490-9a71-1387c43e6363', 'COLLECTION_B_RETAIL_COURT	', 'Скоринговая модель для оценки суммы погашений при судебном взыскании', '1.4', 'bb92a80a-561d-45c9-ab86-60a0d3dda84a', 'da361e2d-e32b-4064-b45b-100e5cbed63f', 'cf35ecc4-32bf-4c93-9a55-1a50c1664dd2', NULL, NULL, 'Факт наличия платежа не менее 1000 р по договору в следующие 6 месяцев 	', '2021-04-19 00:00:00', '2021-06-16 00:00:00', '860c9c66-40e2-46f7-a96a-404f0c5f2108', 'Определить стратегию взыскания на стадии 90+, в частности, необходимость судебного взыскания исходя из сегментации всех договоров по сумме взыскания в 90+', '46737d21-dd33-41e0-8229-54cba10d5aec', '7f618aa0-b4fd-4284-a262-2c0c73c984d1', 'Y:\ЦВ\work\20210511_ДПА Суд', NULL, NULL, NULL);
INSERT INTO public.models (id, "modelId", name, version, status, owner, significance, "modelType", requirement, "targetDescription", dev_start_at, dev_end_at, architecture, problem, class_, "programShell", scripts, validation, process, fullname) VALUES ('bb477ac8-d5e7-45eb-bd13-1dfa0fb01eaf', 'RISK_B_SME_AML', 'Модель оценки комплаенс-риска для клиентов', '1.1', 'bb92a80a-561d-45c9-ab86-60a0d3dda84a', '8429555b-553e-411d-a793-30af39588aa0', 'e82c5c43-36a8-4766-a954-6ddbded14aa2', NULL, NULL, 'Вероятность блокировки по 115-ФЗ в ближайшие 3 месяца', '2020-12-31 00:00:00', '2020-12-31 00:00:00', '860c9c66-40e2-46f7-a96a-404f0c5f2108', 'Прогноз вероятности блокировки активного клиента МСБ со стороны СФМ по 115-ФЗ в ближайшие три месяца', '46737d21-dd33-41e0-8229-54cba10d5aec', '7f618aa0-b4fd-4284-a262-2c0c73c984d1', 'Y:\ЦВ\work\20201223_Модели оценки комплаенс-риска для клиентов', NULL, NULL, NULL);
INSERT INTO public.models (id, "modelId", name, version, status, owner, significance, "modelType", requirement, "targetDescription", dev_start_at, dev_end_at, architecture, problem, class_, "programShell", scripts, validation, process, fullname) VALUES ('a5d2c9be-c399-45b1-87ab-595e872e089a', 'RISK_PD_RETAIL_APPL_SALARY_ONLINE	', 'Аппликативная PD-модель для ЗП клиентов Онлайн', '1.2', 'bb92a80a-561d-45c9-ab86-60a0d3dda84a', '4334b6e4-764e-40db-904a-45d09d7b66bb', NULL, NULL, NULL, 'Просрочка 90+ в течение 12 месяцев с даты открытия', '2019-10-01 00:00:00', '2019-10-01 00:00:00', '860c9c66-40e2-46f7-a96a-404f0c5f2108', 'Задачи модели четко не определены', '39260a2f-50f5-418a-9870-b07a05c4f2aa', '7f618aa0-b4fd-4284-a262-2c0c73c984d1', 'Y:\ЦВ\work\20200623_PD_зарплатники', NULL, NULL, NULL);
INSERT INTO public.models (id, "modelId", name, version, status, owner, significance, "modelType", requirement, "targetDescription", dev_start_at, dev_end_at, architecture, problem, class_, "programShell", scripts, validation, process, fullname) VALUES ('6b54cb11-ebd0-4a6e-8d77-3429805c8a18', 'RISK_PD_EXPRESS_SME_TRANSACT_IP_DEPOSITS', 'Модель расчета вероятности дефолта по сегменту ИП по продукту экспресс-кредитования   по транзакционным данным по клиентам со счетами', '2.0', 'bb92a80a-561d-45c9-ab86-60a0d3dda84a', '13f3d770-37fd-4ed8-8cb6-f5534c47b787', 'e82c5c43-36a8-4766-a954-6ddbded14aa2', '16308352-217f-4900-a43a-d6df0fc3f853', NULL, 'Просрочка 90+ на горизонте 12 месяцев', '2021-06-01 00:00:00', '2021-08-05 00:00:00', 'e1916e87-e8fb-4f11-af70-b853a9e9c473', 'Принятие решения и определения лимита кредитования', 'd78094ce-e941-4fd6-8db3-633e3c8c34b3', '7f618aa0-b4fd-4284-a262-2c0c73c984d1', 'Y:\ЦВ\work\20210702_Экспрессы_транзакционная_модель', NULL, 'cc9c0269-08bc-447b-a577-2d557eeb275a', NULL);
INSERT INTO public.models (id, "modelId", name, version, status, owner, significance, "modelType", requirement, "targetDescription", dev_start_at, dev_end_at, architecture, problem, class_, "programShell", scripts, validation, process, fullname) VALUES ('685b54b1-7af8-4f39-bb78-619f601f04a5', 'RISK_PD_EXPRESS_SME_TRANSACT_IP_NONDEPOSITS', 'Модель расчета вероятности дефолта по сегменту ИП по продукту экспресс-кредитования   по транзакционным данным по клиентам без счетов', '2.0', 'bb92a80a-561d-45c9-ab86-60a0d3dda84a', '13f3d770-37fd-4ed8-8cb6-f5534c47b787', 'e82c5c43-36a8-4766-a954-6ddbded14aa2', '16308352-217f-4900-a43a-d6df0fc3f853', NULL, 'Просрочка 90+ на горизонте 12 месяцев', '2021-06-01 00:00:00', '2021-08-05 00:00:00', 'e1916e87-e8fb-4f11-af70-b853a9e9c473', 'Принятие решения и определения лимита кредитования', 'd78094ce-e941-4fd6-8db3-633e3c8c34b3', '7f618aa0-b4fd-4284-a262-2c0c73c984d1', 'Y:\ЦВ\work\20210702_Экспрессы_транзакционная_модель', NULL, '10b3daf6-c93f-4fdf-9ccf-af91bf98a562', NULL);
INSERT INTO public.models (id, "modelId", name, version, status, owner, significance, "modelType", requirement, "targetDescription", dev_start_at, dev_end_at, architecture, problem, class_, "programShell", scripts, validation, process, fullname) VALUES ('5a21e14f-e0c4-4d72-a4ff-8ff8227665ba', 'RISK_PD_EXPRESS_SME_SPARK_IP', 'Модель расчета вероятности дефолта по продукту экспресс-кредитования по сегменту ИП по данным СПАРК', '1.0', 'bb92a80a-561d-45c9-ab86-60a0d3dda84a', '13f3d770-37fd-4ed8-8cb6-f5534c47b787', 'e82c5c43-36a8-4766-a954-6ddbded14aa2', '16308352-217f-4900-a43a-d6df0fc3f853', NULL, 'Просрочка 90+ на горизонте 12 месяцев', '2021-06-01 00:00:00', '2021-08-05 00:00:00', 'e1916e87-e8fb-4f11-af70-b853a9e9c473', 'Принятие решения и определение лимита кредитования', 'd78094ce-e941-4fd6-8db3-633e3c8c34b3', '7f618aa0-b4fd-4284-a262-2c0c73c984d1', 'Y:\ЦВ\work\20210702_Экспрессы_транзакционная_модель', NULL, '617db13d-e4ce-4b30-8417-e0797ca2e37a', NULL);
INSERT INTO public.models (id, "modelId", name, version, status, owner, significance, "modelType", requirement, "targetDescription", dev_start_at, dev_end_at, architecture, problem, class_, "programShell", scripts, validation, process, fullname) VALUES ('f5ae573f-cacf-43b3-a49b-89921e35deb5', 'COLLECTION_B_RETAIL_COURT	', 'Скоринговая модель для оценки суммы погашений при судебном взыскании	', '1.2', '476965cf-4f3b-4870-8942-fb033b49c071', 'da361e2d-e32b-4064-b45b-100e5cbed63f', 'cf35ecc4-32bf-4c93-9a55-1a50c1664dd2', NULL, NULL, 'Факт наличия платежа не менее 1000 р по договору в следующие 6 месяцев ', '2021-06-16 00:00:00', '2021-06-16 00:00:00', '860c9c66-40e2-46f7-a96a-404f0c5f2108', NULL, '46737d21-dd33-41e0-8229-54cba10d5aec', '7f618aa0-b4fd-4284-a262-2c0c73c984d1', 'Y:\ЦВ\work\20210511_ДПА Суд', NULL, NULL, NULL);
INSERT INTO public.models (id, "modelId", name, version, status, owner, significance, "modelType", requirement, "targetDescription", dev_start_at, dev_end_at, architecture, problem, class_, "programShell", scripts, validation, process, fullname) VALUES ('aea3d88f-b5f4-4ed0-ad1a-c0dff89f3b57', 'RISK_PD_EXPRESS_SME_STACKING_IP', 'Модель расчета вероятности дефолта по продукту экспресс-кредитования по сегменту ИП', '1.0', 'bb92a80a-561d-45c9-ab86-60a0d3dda84a', '13f3d770-37fd-4ed8-8cb6-f5534c47b787', 'e82c5c43-36a8-4766-a954-6ddbded14aa2', '16308352-217f-4900-a43a-d6df0fc3f853', NULL, 'Просрочка 90+ на горизонте 12 месяцев', '2021-06-01 00:00:00', '2021-08-05 00:00:00', 'e1916e87-e8fb-4f11-af70-b853a9e9c473', 'Расчёт итогового скорингового балла, на основании информации о скоринговых баллах базовых модулей', 'd78094ce-e941-4fd6-8db3-633e3c8c34b3', '7f618aa0-b4fd-4284-a262-2c0c73c984d1', 'Y:\ЦВ\work\20210702_Экспрессы_транзакционная_модель', NULL, '1845c764-74a5-40a7-a5e8-69fdf395dde9', NULL);
INSERT INTO public.models (id, "modelId", name, version, status, owner, significance, "modelType", requirement, "targetDescription", dev_start_at, dev_end_at, architecture, problem, class_, "programShell", scripts, validation, process, fullname) VALUES ('107b5f1b-7b11-4d8e-b8fb-5f5d0ddea439', 'RISK_PD_EXPRESS_SME_IP_DEPOSITS', 'Модель расчета вероятности дефолта по сегменту ИП по продукту экспресс-кредитования  по  клиентам со счетами', '2.0', 'bb92a80a-561d-45c9-ab86-60a0d3dda84a', '13f3d770-37fd-4ed8-8cb6-f5534c47b787', 'e82c5c43-36a8-4766-a954-6ddbded14aa2', '16308352-217f-4900-a43a-d6df0fc3f853', NULL, 'Просрочка 90+ на горизонте 12 месяцев', '2021-06-01 00:00:00', '2021-08-05 00:00:00', 'e1916e87-e8fb-4f11-af70-b853a9e9c473', 'Принятие решения и определения лимита кредитования', 'd78094ce-e941-4fd6-8db3-633e3c8c34b3', '7f618aa0-b4fd-4284-a262-2c0c73c984d1', 'Y:\ЦВ\work\20210702_Экспрессы_транзакционная_модель', NULL, 'beea0672-1c20-4a3d-a9ee-eb845a0650f4', NULL);
INSERT INTO public.models (id, "modelId", name, version, status, owner, significance, "modelType", requirement, "targetDescription", dev_start_at, dev_end_at, architecture, problem, class_, "programShell", scripts, validation, process, fullname) VALUES ('7cab8661-1181-4f77-bfca-0bcc9c7bd2e2', 'RISK_PD_EXPRESS_SME_IP_NONDEPOSITS', 'Модель расчета вероятности дефолта по сегменту ИП по продукту экспресс-кредитования  по  клиентам без счетов', '2.0', 'bb92a80a-561d-45c9-ab86-60a0d3dda84a', '13f3d770-37fd-4ed8-8cb6-f5534c47b787', 'e82c5c43-36a8-4766-a954-6ddbded14aa2', '16308352-217f-4900-a43a-d6df0fc3f853', NULL, 'Просрочка 90+ на горизонте 12 месяцев', '2021-06-01 00:00:00', '2021-08-05 00:00:00', 'e1916e87-e8fb-4f11-af70-b853a9e9c473', 'Принятие решения и определения лимита кредитования', 'd78094ce-e941-4fd6-8db3-633e3c8c34b3', '7f618aa0-b4fd-4284-a262-2c0c73c984d1', 'Y:\ЦВwork\20210702_Экспрессы_транзакционная_модель', NULL, '5539d292-31e5-4693-ab2e-b24e53683a71', NULL);
INSERT INTO public.models (id, "modelId", name, version, status, owner, significance, "modelType", requirement, "targetDescription", dev_start_at, dev_end_at, architecture, problem, class_, "programShell", scripts, validation, process, fullname) VALUES ('a086f7d7-c23d-48d4-9626-b97cc69a7112', 'RISK_PD_EXPRESS_SME', 'Модель расчета вероятности дефолта по продукту экспресс-кредитования', '1.0', 'bb92a80a-561d-45c9-ab86-60a0d3dda84a', '13f3d770-37fd-4ed8-8cb6-f5534c47b787', 'e82c5c43-36a8-4766-a954-6ddbded14aa2', '16308352-217f-4900-a43a-d6df0fc3f853', NULL, 'Просрочка 90+ на горизонте 12 месяцев', '2021-06-01 00:00:00', '2021-06-01 00:00:00', 'e1916e87-e8fb-4f11-af70-b853a9e9c473', 'Расчёт итогового скорингового балла, на основании информации о скоринговых баллах базовых модулей', 'd78094ce-e941-4fd6-8db3-633e3c8c34b3', '7f618aa0-b4fd-4284-a262-2c0c73c984d1', 'Y:\ЦВ\work\20210702_Экспрессы_транзакционная_модель', NULL, '3f3acafe-e519-44bd-9e39-0ad09b6f7b20', NULL);
INSERT INTO public.models (id, "modelId", name, version, status, owner, significance, "modelType", requirement, "targetDescription", dev_start_at, dev_end_at, architecture, problem, class_, "programShell", scripts, validation, process, fullname) VALUES ('1555e768-efff-4acd-a99b-b0cc00f42a9b', 'RISK_PD_EXPRESS_SME_BKI_IP', 'Модель расчета вероятности дефолта по продукту экспресс-кредитования по сегменту ИП по данным БКИ', '1.0', '6da29a76-5572-49d6-bcd5-2f6cf0247b77', '13f3d770-37fd-4ed8-8cb6-f5534c47b787', 'e82c5c43-36a8-4766-a954-6ddbded14aa2', '16308352-217f-4900-a43a-d6df0fc3f853', NULL, 'Просрочка 90+ на горизонте 12 месяцев', '2021-06-01 00:00:00', '2021-08-05 00:00:00', 'e1916e87-e8fb-4f11-af70-b853a9e9c473', 'Расчет скорингового балла по модулю БКИ ИП для использования в стекинге модулей экспресс продуктов', 'd78094ce-e941-4fd6-8db3-633e3c8c34b3', '7f618aa0-b4fd-4284-a262-2c0c73c984d1', 'Y:\ЦВ\work\20210702_Экспрессы_транзакционная_модель', NULL, '4fd0ba58-f6ac-492b-be71-c024797f99d2', NULL);
INSERT INTO public.models (id, "modelId", name, version, status, owner, significance, "modelType", requirement, "targetDescription", dev_start_at, dev_end_at, architecture, problem, class_, "programShell", scripts, validation, process, fullname) VALUES ('a9c3f79e-bcb8-4d22-8f37-b229dbd589e4', 'RISK_B_SME_AML', 'Модель оценки комплаенс-риска для клиентов', '1.0', '476965cf-4f3b-4870-8942-fb033b49c071', '8429555b-553e-411d-a793-30af39588aa0', 'e82c5c43-36a8-4766-a954-6ddbded14aa2', NULL, NULL, 'Вероятность блокировки по 115-ФЗ в ближайшие 3 месяца', '2020-10-24 00:00:00', '2020-12-31 00:00:00', '860c9c66-40e2-46f7-a96a-404f0c5f2108', 'Прогноз вероятности блокировки активного клиента МСБ со стороны СФМ по 115-ФЗ в ближайшие три месяца', '46737d21-dd33-41e0-8229-54cba10d5aec', '7f618aa0-b4fd-4284-a262-2c0c73c984d1', 'Y:\ЦВ\work\20201223_Модели оценки комплаенс-риска для клиентов', NULL, NULL, NULL);
